[{
		"FishTypeID": "1",
		"FishDeadIndex": "0",
		"LastWord": "",
		"IceBlockScale": "0.4,1,1",
		"IceBlockAngel": "0,0,0",
		"StatyBehavior": "0",
		"SpeedBehavior": "0,2|0.08,1|0.3,2|0.45,3|0.55,2|0.7,1|0.85,1.5",
		"SwimAni": "Swin",
		"DeadAni": "Dead,0.43",
		"HitAni": "Hit,0.12",
		"StayAni1": "",
		"StayAni2": ""
	},
	{
		"FishTypeID": "2",
		"FishDeadIndex": "0",
		"LastWord": "",
		"IceBlockScale": "0.5,0.4,0.66",
		"IceBlockAngel": "0,0,0",
		"StatyBehavior": "0",
		"SpeedBehavior": "0,2|0.08,1|0.4,1.5|0.5,2|0.6,1.5|0.75,1|0.85,1",
		"SwimAni": "Swim",
		"DeadAni": "",
		"HitAni": "",
		"StayAni1": "",
		"StayAni2": ""
	},
	{
		"FishTypeID": "3",
		"FishDeadIndex": "0",
		"LastWord": "",
		"IceBlockScale": "0.33,0.5,0.5",
		"IceBlockAngel": "0,0,0",
		"StatyBehavior": "0",
		"SpeedBehavior": "0,2|0.1,1|0.35,1.5|0.4,2|0.5,2.5|0.6,2|0.7,1.5|0.85,1",
		"SwimAni": "Swim",
		"DeadAni": "",
		"HitAni": "",
		"StayAni1": "",
		"StayAni2": ""
	},
	{
		"FishTypeID": "4",
		"FishDeadIndex": "0",
		"LastWord": "",
		"IceBlockScale": "0.33,0.5,0.5",
		"IceBlockAngel": "0,0,0",
		"StatyBehavior": "0",
		"SpeedBehavior": "0,2|0.08,1|0.3,2|0.4,2.5|0.6,2|0.7,1.5|0.85,1",
		"SwimAni": "Swim",
		"DeadAni": "Dead,0.28",
		"HitAni": "Hit,0.15",
		"StayAni1": "",
		"StayAni2": ""
	},
	{
		"FishTypeID": "5",
		"FishDeadIndex": "0",
		"LastWord": "",
		"IceBlockScale": "0.33,0.5,0.5",
		"IceBlockAngel": "0,0,0",
		"StatyBehavior": "0",
		"SpeedBehavior": "0,2|0.08,1|0.3,2|0.4,2.5|0.6,2|0.7,1.5|0.85,1",
		"SwimAni": "Swim",
		"DeadAni": "Dead,0.28",
		"HitAni": "Hit,0.15",
		"StayAni1": "",
		"StayAni2": ""
	},
	{
		"FishTypeID": "6",
		"FishDeadIndex": "0",
		"LastWord": "",
		"IceBlockScale": "0.33,0.5,0.67",
		"IceBlockAngel": "0,0,0",
		"StatyBehavior": "0",
		"SpeedBehavior": "0,2|0.15,1|0.4,2|0.6,1.5|0.7,1|0.85,1.5",
		"SwimAni": "Swim",
		"DeadAni": "Dead,0.23",
		"HitAni": "Hit,0.16",
		"StayAni1": "",
		"StayAni2": ""
	},
	{
		"FishTypeID": "7",
		"FishDeadIndex": "20",
		"LastWord": "",
		"IceBlockScale": "0.3,0.75,0.75",
		"IceBlockAngel": "0,0,0",
		"StatyBehavior": "0",
		"SpeedBehavior": "0,2|0.1,1|0.3,1.5|0.5,2|0.65,1.5|0.8,1",
		"SwimAni": "Swim",
		"DeadAni": "Dead,0.30",
		"HitAni": "Hit,0.15",
		"StayAni1": "",
		"StayAni2": ""
	},
	{
		"FishTypeID": "8",
		"FishDeadIndex": "20",
		"LastWord": "",
		"IceBlockScale": "0.33,1,1",
		"IceBlockAngel": "0,0,0",
		"StatyBehavior": "0",
		"SpeedBehavior": "0,2|0.1,1|0.3,1.5|0.5,2|0.65,1.5|0.8,1",
		"SwimAni": "Laugh",
		"DeadAni": "Dead,0.58",
		"HitAni": "",
		"StayAni1": "",
		"StayAni2": ""
	},
	{
		"FishTypeID": "9",
		"FishDeadIndex": "1",
		"LastWord": "今天天气不错哦！",
		"IceBlockScale": "0.5,0.67,0.67",
		"IceBlockAngel": "0,0,0",
		"StatyBehavior": "0.6,13200",
		"SpeedBehavior": "0,2|0.08,1|0.3,2|0.5,1|0.65,1.5|0.85,1",
		"SwimAni": "Swim",
		"DeadAni": "Dead,0.20",
		"HitAni": "",
		"StayAni1": "Laugh02,13.2",
		"StayAni2": "Laugh01,2.18"
	},
	{
		"FishTypeID": "10",
		"FishDeadIndex": "2",
		"LastWord": "好高兴又遇见你！",
		"IceBlockScale": "0.5,0.67,0.67",
		"IceBlockAngel": "0,0,0",
		"StatyBehavior": "0.4,13200",
		"SpeedBehavior": "0,2|0.08,1|0.3,2|0.5,1|0.65,1.5|0.85,1",
		"SwimAni": "Swim",
		"DeadAni": "Dead,0.20",
		"HitAni": "",
		"StayAni1": "Laugh02,13.2",
		"StayAni2": "Laugh01,2.18"
	},
	{
		"FishTypeID": "11",
		"FishDeadIndex": "3",
		"LastWord": "主人，快收了我吧！",
		"IceBlockScale": "0.5,0.5,0.5",
		"IceBlockAngel": "0,0,0",
		"StatyBehavior": "0.5,4200",
		"SpeedBehavior": "0,1.5|0.1,1|0.55,2|0.7,1|0.85,1.5",
		"SwimAni": "Laugh01",
		"DeadAni": "",
		"HitAni": "",
		"StayAni1": "Laugh03,4.2",
		"StayAni2": "Laugh01,5.09"
	},
	{
		"FishTypeID": "12",
		"FishDeadIndex": "4",
		"LastWord": "带我回家吧！",
		"IceBlockScale": "0.375,0.5,0.5",
		"IceBlockAngel": "0,0,0",
		"StatyBehavior": "0",
		"SpeedBehavior": "0,2|0.1,1|0.4,2|0.5,2.5|0.6,2|0.7,1|0.9,1.5",
		"SwimAni": "Swim",
		"DeadAni": "",
		"HitAni": "",
		"StayAni1": "",
		"StayAni2": ""
	},
	{
		"FishTypeID": "14",
		"FishDeadIndex": "6",
		"LastWord": "哎呦，头好痛啊！",
		"IceBlockScale": "0.4,0.5,0.5",
		"IceBlockAngel": "0,0,0",
		"StatyBehavior": "0",
		"SpeedBehavior": "0,2|0.1,1|0.4,2|0.5,1.5|0.7,1|0.9,1.5",
		"SwimAni": "Swim",
		"DeadAni": "Dead,1.20",
		"HitAni": "Hit,0.20",
		"StayAni1": "",
		"StayAni2": ""
	},
	{
		"FishTypeID": "15",
		"FishDeadIndex": "17",
		"LastWord": "你就知道欺负我！",
		"IceBlockScale": "0.25,0.67,0.5",
		"IceBlockAngel": "0,0,0",
		"StatyBehavior": "0",
		"SpeedBehavior": "0,2.5|0.15,1|0.9,1.5",
		"SwimAni": "Swim",
		"DeadAni": "Dead,1.02",
		"HitAni": "Hit,1.13",
		"StayAni1": "",
		"StayAni2": ""
	},
	{
		"FishTypeID": "16",
		"FishDeadIndex": "8",
		"LastWord": "哼，下次别让我遇到你！",
		"IceBlockScale": "0.247,0.926,1.85",
		"IceBlockAngel": "0,0,0",
		"StatyBehavior": "0",
		"SpeedBehavior": "0,2|0.1,1|0.3,2|0.4,2.5|0.5,3|0.6,2.5|0.7,2|0.8,1",
		"SwimAni": "Swim02",
		"DeadAni": "Dead,1.05",
		"HitAni": "",
		"StayAni1": "",
		"StayAni2": ""
	},
	{
		"FishTypeID": "18",
		"FishDeadIndex": "10",
		"LastWord": "哇，为什么每次都打我！",
		"IceBlockScale": "0.25,0.4,0.4",
		"IceBlockAngel": "0,0,0",
		"StatyBehavior": "0",
		"SpeedBehavior": "0,2|0.15,1|0.4,2|0.6,1|0.85,1.5",
		"SwimAni": "Swim",
		"DeadAni": "Dead,1.15",
		"HitAni": "Hit,6.27",
		"StayAni1": "",
		"StayAni2": ""
	},
	{
		"FishTypeID": "19",
		"FishDeadIndex": "11",
		"LastWord": "幸运儿，下次祝你好运！",
		"IceBlockScale": "0.25,1,0.5",
		"IceBlockAngel": "0,0,0",
		"StatyBehavior": "",
		"SpeedBehavior": "0,1.5|0.1,1|0.3,1.5|0.4,2|0.5,1.5|0.6,1|0.9,1.5",
		"SwimAni": "Swim02",
		"DeadAni": "Dead,1.24",
		"HitAni": "",
		"StayAni1": "",
		"StayAni2": ""
	},
	{
		"FishTypeID": "20",
		"FishDeadIndex": "12",
		"LastWord": "你发财了，偷着乐吧！",
		"IceBlockScale": "0.33,0.5,0.83",
		"IceBlockAngel": "0,0,0",
		"StatyBehavior": "0.6,6100",
		"SpeedBehavior": "0,2|0.1,1|0.3,2|0.45,1|0.8,1.5",
		"SwimAni": "Laugh01",
		"DeadAni": "Dead,1.24",
		"HitAni": "",
		"StayAni1": "Laugh02,6.10",
		"StayAni2": "Attack,4.20"
	},
	{
		"FishTypeID": "21",
		"FishDeadIndex": "13",
		"LastWord": "啊，请温柔点嘛！",
		"IceBlockScale": "0.25,0.5,1",
		"IceBlockAngel": "0,0,0",
		"StatyBehavior": "0",
		"SpeedBehavior": "0,2|0.1,1|0.3,2|0.5,3|0.6,2|0.7,1",
		"SwimAni": "Swim",
		"DeadAni": "",
		"HitAni": "",
		"StayAni1": "",
		"StayAni2": ""
	},
	{
		"FishTypeID": "23",
		"FishDeadIndex": "15",
		"LastWord": "不会又是你吧，真倒霉！",
		"IceBlockScale": "0.33,0.5,0.5",
		"IceBlockAngel": "0,0,0",
		"StatyBehavior": "0.5,6100",
		"SpeedBehavior": "0,2|0.1,1|0.3,2|0.45,1|0.8,1.5",
		"SwimAni": "Laugh01",
		"DeadAni": "Dead,1.24",
		"HitAni": "",
		"StayAni1": "Laugh02,6.10",
		"StayAni2": "Attack,4.20"
	},
	{
		"FishTypeID": "25",
		"FishDeadIndex": "7",
		"LastWord": "你越来越厉害啦！",
		"IceBlockScale": "0.267,0.8,0.8",
		"IceBlockAngel": "0,90,90",
		"StatyBehavior": "0",
		"SpeedBehavior": "0,1.5|0.1,1|0.4,2|0.6,1.5|0.7,1|0.8,1.5",
		"SwimAni": "Swim",
		"DeadAni": "",
		"HitAni": "",
		"StayAni1": "",
		"StayAni2": ""
	},
	{
		"FishTypeID": "26",
		"FishDeadIndex": "21",
		"LastWord": "",
		"IceBlockScale": "0.25,1,1",
		"IceBlockAngel": "0,0,90",
		"StatyBehavior": "0",
		"SpeedBehavior": "0,2|0.1,1|0.8,1.5",
		"SwimAni": "Take 001",
		"DeadAni": "",
		"HitAni": "",
		"StayAni1": "",
		"StayAni2": ""
	},
	{
		"FishTypeID": "27",
		"FishDeadIndex": "18",
		"LastWord": "",
		"IceBlockScale": "0.25,0.75,0.5",
		"IceBlockAngel": "0,0,0",
		"StatyBehavior": "0",
		"SpeedBehavior": "0,2|0.08,1|0.3,2|0.45,3|0.55,2|0.7,1|0.85,1.5",
		"SwimAni": "FishKing",
		"DeadAni": "",
		"HitAni": "",
		"StayAni1": "",
		"StayAni2": ""
	},
	{
		"FishTypeID": "28",
		"FishDeadIndex": "0",
		"LastWord": "",
		"IceBlockScale": "0",
		"IceBlockAngel": "0",
		"StatyBehavior": "0",
		"SpeedBehavior": "0,2|0.08,1|0.4,1.5|0.5,2|0.6,1.5|0.75,1|0.85,1",
		"SwimAni": "",
		"DeadAni": "",
		"HitAni": "",
		"StayAni1": "",
		"StayAni2": ""
	},
	{
		"FishTypeID": "29",
		"FishDeadIndex": "0",
		"LastWord": "",
		"IceBlockScale": "0",
		"IceBlockAngel": "0",
		"StatyBehavior": "0",
		"SpeedBehavior": "0,2|0.1,1|0.35,1.5|0.4,2|0.5,2.5|0.6,2|0.7,1.5|0.85,1",
		"SwimAni": "",
		"DeadAni": "",
		"HitAni": "",
		"StayAni1": "",
		"StayAni2": ""
	},
	{
		"FishTypeID": "30",
		"FishDeadIndex": "0",
		"LastWord": "",
		"IceBlockScale": "0",
		"IceBlockAngel": "0",
		"StatyBehavior": "0",
		"SpeedBehavior": "0,2|0.08,1|0.3,2|0.4,2.5|0.6,2|0.7,1.5|0.85,1",
		"SwimAni": "",
		"DeadAni": "",
		"HitAni": "",
		"StayAni1": "",
		"StayAni2": ""
	},
	{
		"FishTypeID": "31",
		"FishDeadIndex": "0",
		"LastWord": "",
		"IceBlockScale": "0",
		"IceBlockAngel": "0",
		"StatyBehavior": "0",
		"SpeedBehavior": "0,2|0.08,1|0.3,2|0.4,2.5|0.6,2|0.7,1.5|0.85,1",
		"SwimAni": "",
		"DeadAni": "",
		"HitAni": "",
		"StayAni1": "",
		"StayAni2": ""
	},
	{
		"FishTypeID": "32",
		"FishDeadIndex": "0",
		"LastWord": "",
		"IceBlockScale": "0",
		"IceBlockAngel": "0",
		"StatyBehavior": "0",
		"SpeedBehavior": "0,1.5|0.1,1|0.9,1.5",
		"SwimAni": "",
		"DeadAni": "",
		"HitAni": "",
		"StayAni1": "",
		"StayAni2": ""
	},
	{
		"FishTypeID": "33",
		"FishDeadIndex": "0",
		"LastWord": "",
		"IceBlockScale": "0",
		"IceBlockAngel": "0",
		"StatyBehavior": "0",
		"SpeedBehavior": "0",
		"SwimAni": "",
		"DeadAni": "",
		"HitAni": "",
		"StayAni1": "",
		"StayAni2": ""
	},
	{
		"FishTypeID": "101",
		"FishDeadIndex": "0",
		"LastWord": "",
		"IceBlockScale": "0",
		"IceBlockAngel": "0",
		"StatyBehavior": "0",
		"SpeedBehavior": "0,2.5|0.95,1",
		"SwimAni": "",
		"DeadAni": "",
		"HitAni": "",
		"StayAni1": "",
		"StayAni2": ""
	},
	{
		"FishTypeID": "102",
		"FishDeadIndex": "0",
		"LastWord": "",
		"IceBlockScale": "0",
		"IceBlockAngel": "0",
		"StatyBehavior": "0",
		"SpeedBehavior": "0,2.5|0.95,1",
		"SwimAni": "",
		"DeadAni": "",
		"HitAni": "",
		"StayAni1": "",
		"StayAni2": ""
	},
	{
		"FishTypeID": "106",
		"FishDeadIndex": "0",
		"LastWord": "",
		"IceBlockScale": "0",
		"IceBlockAngel": "0",
		"StatyBehavior": "0",
		"SpeedBehavior": "0,2.5|0.95,1",
		"SwimAni": "",
		"DeadAni": "",
		"HitAni": "",
		"StayAni1": "",
		"StayAni2": ""
	}
]