{
	"L1": ["(0.0, 0.0, 0.0)", "(-2.0, 2.0, 2.0)", "(-5.0, 5.0, -4.0)", "(-8.0, 5.0, 6.0)", "(-9.0, 0.0, -1.0)", "(-11.0, 1.0, 5.0)", "(-13.0, 4.0, 2.0)", "(-15.0, 8.0, 7.0)", "(-15.0, 2.0, 0.0)", "(-15.0, -2.0, 0.0)"],
	"L2": ["(0.0, 0.0, 0.0)", "(-2.0, 2.0, 2.0)", "(-5.0, 5.0, -4.0)", "(-8.0, 5.0, 6.0)", "(-9.0, 0.0, -1.0)", "(-10.0, 8.0, 1.0)", "(-13.0, 4.0, 2.0)", "(-15.0, 8.0, 7.0)", "(-15.0, 2.0, 0.0)"],
	"L3": ["(0.0, 0.0, 0.0)", "(-2.0, 2.0, 2.0)", "(-5.0, 5.0, -4.0)", "(-8.0, 5.0, 6.0)", "(-11.0, 1.0, 5.0)", "(-8.0, 8.0, 1.0)", "(-13.0, 4.0, 2.0)", "(-15.0, 8.0, 7.0)", "(-15.0, 2.0, 0.0)"],
	"L4": ["(0.0, 0.0, 0.0)", "(-2.0, 2.0, 2.0)", "(-5.0, 5.0, -4.0)", "(-8.0, 0.0, -1.0)", "(-8.0, 8.0, 1.0)", "(-11.0, 1.0, 5.0)", "(-13.0, 4.0, 2.0)", "(-15.0, 8.0, 7.0)", "(-15.0, 2.0, 0.0)"],
	"L5": ["(0.0, 0.0, 0.0)", "(-2.0, 2.0, 2.0)", "(-5.0, 5.0, -4.0)", "(-8.0, 5.0, 6.0)", "(-8.0, 0.0, -1.0)", "(-8.0, 8.0, 1.0)", "(-11.0, 1.0, 5.0)", "(-15.0, 2.0, 0.0)", "(-13.0, 4.0, 2.0)"],
	"L6": ["(0.0, 0.0, 0.0)", "(-2.0, 2.0, 2.0)", "(-5.0, 5.0, -4.0)", "(-8.0, 5.0, 6.0)", "(-9.0, 0.0, -1.0)", "(-10.0, 8.0, 1.0)", "(-11.0, 1.0, 5.0)", "(-13.0, 4.0, 2.0)", "(-15.0, 2.0, 0.0)"],
	"R1": ["(15.0, 0.0, 7.0)", "(15.0, -8.0, -7.0)", "(15.0, -2.0, 0.0)", "(13.0, -4.0, -2.0)", "(11.0, 0.0, 1.0)", "(9.0, -5.0, -6.0)", "(6.0, -8.0, -1.0)", "(2.0, -2.0, -2.0)", "(5.0, -5.0, 4.0)", "(0.0, 0.0, 0.0)"],
	"R2": ["(15.0, -8.0, -7.0)", "(15.0, -2.0, 0.0)", "(13.0, -4.0, -2.0)", "(10.0, 0.0, 1.0)", "(8.0, -5.0, -6.0)", "(7.0, -8.0, -1.0)", "(5.0, -5.0, 4.0)", "(2.0, -2.0, -2.0)", "(0.0, 0.0, 0.0)"],
	"R3": ["(15.0, -8.0, -7.0)", "(15.0, -2.0, 0.0)", "(13.0, -4.0, -2.0)", "(8.0, 0.0, 1.0)", "(8.0, -5.0, -6.0)", "(8.0, -8.0, -1.0)", "(5.0, -5.0, 4.0)", "(2.0, -2.0, -2.0)", "(0.0, 0.0, 0.0)"],
	"R4": ["(15.0, -8.0, -7.0)", "(15.0, -2.0, 0.0)", "(13.0, -4.0, -2.0)", "(8.0, 0.0, 1.0)", "(8.0, -5.0, -6.0)", "(8.0, -8.0, -1.0)", "(5.0, -5.0, 4.0)", "(2.0, -2.0, -2.0)", "(0.0, 0.0, 0.0)"],
	"R5": ["(15.0, -8.0, -7.0)", "(15.0, -2.0, 0.0)", "(13.0, -4.0, -2.0)", "(8.0, 0.0, 1.0)", "(8.0, -5.0, -6.0)", "(8.0, -8.0, -1.0)", "(5.0, -5.0, 4.0)", "(2.0, -2.0, -2.0)", "(0.0, 0.0, 0.0)"],
	"R6": ["(15.0, -8.0, -7.0)", "(15.0, -2.0, 0.0)", "(13.0, -4.0, -2.0)", "(11.0, 0.0, 1.0)", "(9.0, -5.0, -6.0)", "(8.0, -8.0, -1.0)", "(5.0, -5.0, 4.0)", "(2.0, -2.0, -2.0)", "(0.0, 0.0, 0.0)"]
}